Status,Topic,Order,Problem,Difficulty,LeetCode URL,Companies,Pattern,Date Done,Attempts,Time (min),Revisit,Notes
Todo,Arrays & Hashing,1,Two Sum,Easy,https://leetcode.com/problems/two-sum/,"Amazon, Google, Meta, Microsoft, Apple",Hash Map,,,,N,
Todo,Arrays & Hashing,2,Contains Duplicate,Easy,https://leetcode.com/problems/contains-duplicate/,"Amazon, Apple",Hash Set,,,,N,
Todo,Arrays & Hashing,3,Valid Anagram,Easy,https://leetcode.com/problems/valid-anagram/,"Amazon, Bloomberg",Hash Map,,,,N,
Todo,Arrays & Hashing,4,Group Anagrams,Medium,https://leetcode.com/problems/group-anagrams/,"Amazon, Uber, Meta",Hash Map,,,,N,
Todo,Arrays & Hashing,5,Top K Frequent Elements,Medium,https://leetcode.com/problems/top-k-frequent-elements/,"Amazon, Meta, Uber",Heap / Hash,,,,N,
Todo,Arrays & Hashing,6,Product of Array Except Self,Medium,https://leetcode.com/problems/product-of-array-except-self/,"Amazon, Meta, Apple, Microsoft",Prefix Product,,,,N,
Todo,Arrays & Hashing,7,Encode and Decode Strings,Medium,https://leetcode.com/problems/encode-and-decode-strings/,"Meta, Google",String Encoding,,,,N,
Todo,Arrays & Hashing,8,Longest Consecutive Sequence,Medium,https://leetcode.com/problems/longest-consecutive-sequence/,"Google, Amazon, Microsoft",Hash Set,,,,N,
Todo,Arrays & Hashing,9,Valid Sudoku,Medium,https://leetcode.com/problems/valid-sudoku/,"Amazon, Apple",Hash Set,,,,N,
Todo,Arrays & Hashing,10,First Missing Positive,Hard,https://leetcode.com/problems/first-missing-positive/,"Amazon, Microsoft",Index Marking,,,,N,
Todo,Arrays & Hashing,11,Subarray Sum Equals K,Medium,https://leetcode.com/problems/subarray-sum-equals-k/,"Meta, Amazon, Google",Prefix Sum,,,,N,
Todo,Arrays & Hashing,12,Contiguous Array,Medium,https://leetcode.com/problems/contiguous-array/,"Meta, Amazon",Prefix Sum,,,,N,
Todo,Arrays & Hashing,13,4Sum II,Medium,https://leetcode.com/problems/4sum-ii/,Amazon,Hash Map,,,,N,
Todo,Arrays & Hashing,14,Sort Colors,Medium,https://leetcode.com/problems/sort-colors/,"Microsoft, Amazon",Dutch National Flag,,,,N,
Todo,Arrays & Hashing,15,Next Permutation,Medium,https://leetcode.com/problems/next-permutation/,"Amazon, Google, Microsoft",Permutation,,,,N,
Todo,Arrays & Hashing,16,Rotate Array,Medium,https://leetcode.com/problems/rotate-array/,"Microsoft, Amazon",Array Reverse,,,,N,
Todo,Arrays & Hashing,17,Merge Intervals,Medium,https://leetcode.com/problems/merge-intervals/,"Amazon, Google, Meta, Bloomberg",Intervals,,,,N,
Todo,Arrays & Hashing,18,Insert Interval,Medium,https://leetcode.com/problems/insert-interval/,"Google, LinkedIn",Intervals,,,,N,
Todo,Arrays & Hashing,19,Non-overlapping Intervals,Medium,https://leetcode.com/problems/non-overlapping-intervals/,"Amazon, Meta",Greedy Intervals,,,,N,
Todo,Arrays & Hashing,20,Set Matrix Zeroes,Medium,https://leetcode.com/problems/set-matrix-zeroes/,"Amazon, Microsoft",Matrix,,,,N,
Todo,Arrays & Hashing,21,Spiral Matrix,Medium,https://leetcode.com/problems/spiral-matrix/,"Microsoft, Amazon, Apple",Matrix,,,,N,
Todo,Arrays & Hashing,22,Rotate Image,Medium,https://leetcode.com/problems/rotate-image/,"Amazon, Microsoft, Apple",Matrix,,,,N,
Todo,Arrays & Hashing,23,Game of Life,Medium,https://leetcode.com/problems/game-of-life/,"Dropbox, Amazon",Matrix,,,,N,
Todo,Two Pointers,1,Valid Palindrome,Easy,https://leetcode.com/problems/valid-palindrome/,"Meta, Microsoft",Two Pointers,,,,N,
Todo,Two Pointers,2,Two Sum II - Input Array Is Sorted,Medium,https://leetcode.com/problems/two-sum-ii-input-array-is-sorted/,Amazon,Two Pointers,,,,N,
Todo,Two Pointers,3,3Sum,Medium,https://leetcode.com/problems/3sum/,"Amazon, Meta, Microsoft, Adobe",Two Pointers,,,,N,
Todo,Two Pointers,4,Container With Most Water,Medium,https://leetcode.com/problems/container-with-most-water/,"Amazon, Bloomberg, Apple",Two Pointers,,,,N,
Todo,Two Pointers,5,Trapping Rain Water,Hard,https://leetcode.com/problems/trapping-rain-water/,"Amazon, Google, Bloomberg, Apple",Two Pointers / Stack,,,,N,
Todo,Two Pointers,6,Move Zeroes,Easy,https://leetcode.com/problems/move-zeroes/,"Meta, Apple",Two Pointers,,,,N,
Todo,Two Pointers,7,Remove Duplicates from Sorted Array,Easy,https://leetcode.com/problems/remove-duplicates-from-sorted-array/,"Amazon, Microsoft",Two Pointers,,,,N,
Todo,Two Pointers,8,Remove Element,Easy,https://leetcode.com/problems/remove-element/,—,Two Pointers,,,,N,
Todo,Two Pointers,9,4Sum,Medium,https://leetcode.com/problems/4sum/,Amazon,Two Pointers,,,,N,
Todo,Two Pointers,10,Boats to Save People,Medium,https://leetcode.com/problems/boats-to-save-people/,Amazon,Greedy Two Pointers,,,,N,
Todo,Two Pointers,11,Partition Labels,Medium,https://leetcode.com/problems/partition-labels/,"Amazon, Meta",Greedy,,,,N,
Todo,Sliding Window,1,Best Time to Buy and Sell Stock,Easy,https://leetcode.com/problems/best-time-to-buy-and-sell-stock/,"Amazon, Meta, Microsoft, Bloomberg",Sliding Window,,,,N,
Todo,Sliding Window,2,Longest Substring Without Repeating Characters,Medium,https://leetcode.com/problems/longest-substring-without-repeating-characters/,"Amazon, Meta, Google, Adobe",Sliding Window,,,,N,
Todo,Sliding Window,3,Longest Repeating Character Replacement,Medium,https://leetcode.com/problems/longest-repeating-character-replacement/,"Google, Amazon",Sliding Window,,,,N,
Todo,Sliding Window,4,Permutation in String,Medium,https://leetcode.com/problems/permutation-in-string/,"Microsoft, Amazon",Sliding Window,,,,N,
Todo,Sliding Window,5,Minimum Window Substring,Hard,https://leetcode.com/problems/minimum-window-substring/,"Meta, Uber, LinkedIn, Amazon",Sliding Window,,,,N,
Todo,Sliding Window,6,Sliding Window Maximum,Hard,https://leetcode.com/problems/sliding-window-maximum/,"Amazon, Google",Deque,,,,N,
Todo,Sliding Window,7,Find All Anagrams in a String,Medium,https://leetcode.com/problems/find-all-anagrams-in-a-string/,"Amazon, Meta",Sliding Window,,,,N,
Todo,Sliding Window,8,Max Consecutive Ones III,Medium,https://leetcode.com/problems/max-consecutive-ones-iii/,"Microsoft, Amazon",Sliding Window,,,,N,
Todo,Sliding Window,9,Fruit Into Baskets,Medium,https://leetcode.com/problems/fruit-into-baskets/,"Amazon, Google",Sliding Window,,,,N,
Todo,Sliding Window,10,Subarray Product Less Than K,Medium,https://leetcode.com/problems/subarray-product-less-than-k/,Amazon,Sliding Window,,,,N,
Todo,Sliding Window,11,Frequency of the Most Frequent Element,Medium,https://leetcode.com/problems/frequency-of-the-most-frequent-element/,—,Sliding Window,,,,N,
Todo,Sliding Window,12,Minimum Size Subarray Sum,Medium,https://leetcode.com/problems/minimum-size-subarray-sum/,"Amazon, Goldman Sachs",Sliding Window,,,,N,
Todo,Binary Search,1,Binary Search,Easy,https://leetcode.com/problems/binary-search/,—,Binary Search,,,,N,
Todo,Binary Search,2,Search a 2D Matrix,Medium,https://leetcode.com/problems/search-a-2d-matrix/,"Amazon, Microsoft",Binary Search,,,,N,
Todo,Binary Search,3,Koko Eating Bananas,Medium,https://leetcode.com/problems/koko-eating-bananas/,"Google, Amazon",Binary Search on Answer,,,,N,
Todo,Binary Search,4,Find Minimum in Rotated Sorted Array,Medium,https://leetcode.com/problems/find-minimum-in-rotated-sorted-array/,"Amazon, Microsoft, Meta",Binary Search,,,,N,
Todo,Binary Search,5,Search in Rotated Sorted Array,Medium,https://leetcode.com/problems/search-in-rotated-sorted-array/,"Amazon, Meta, Microsoft, LinkedIn",Binary Search,,,,N,
Todo,Binary Search,6,Time Based Key-Value Store,Medium,https://leetcode.com/problems/time-based-key-value-store/,"Google, Amazon",Binary Search,,,,N,
Todo,Binary Search,7,Median of Two Sorted Arrays,Hard,https://leetcode.com/problems/median-of-two-sorted-arrays/,"Google, Amazon, Microsoft, Adobe",Binary Search,,,,N,
Todo,Binary Search,8,Find First and Last Position of Element in Sorted Array,Medium,https://leetcode.com/problems/find-first-and-last-position-of-element-in-sorted-array/,"Meta, Amazon",Binary Search,,,,N,
Todo,Binary Search,9,Search Insert Position,Easy,https://leetcode.com/problems/search-insert-position/,—,Binary Search,,,,N,
Todo,Binary Search,10,Capacity To Ship Packages Within D Days,Medium,https://leetcode.com/problems/capacity-to-ship-packages-within-d-days/,Amazon,Binary Search on Answer,,,,N,
Todo,Binary Search,11,Split Array Largest Sum,Hard,https://leetcode.com/problems/split-array-largest-sum/,"Google, Amazon",Binary Search on Answer,,,,N,
Todo,Binary Search,12,Peak Index in a Mountain Array,Medium,https://leetcode.com/problems/peak-index-in-a-mountain-array/,—,Binary Search,,,,N,
Todo,Binary Search,13,Find Peak Element,Medium,https://leetcode.com/problems/find-peak-element/,"Google, Meta",Binary Search,,,,N,
Todo,Binary Search,14,Magnetic Force Between Two Balls,Medium,https://leetcode.com/problems/magnetic-force-between-two-balls/,—,Binary Search on Answer,,,,N,
Todo,Binary Search,15,Single Element in a Sorted Array,Medium,https://leetcode.com/problems/single-element-in-a-sorted-array/,"Amazon, Microsoft",Binary Search,,,,N,
Todo,Stack,1,Valid Parentheses,Easy,https://leetcode.com/problems/valid-parentheses/,"Amazon, Google, Meta, Bloomberg",Stack,,,,N,
Todo,Stack,2,Min Stack,Medium,https://leetcode.com/problems/min-stack/,"Amazon, Bloomberg, Uber",Stack,,,,N,
Todo,Stack,3,Evaluate Reverse Polish Notation,Medium,https://leetcode.com/problems/evaluate-reverse-polish-notation/,Amazon,Stack,,,,N,
Todo,Stack,4,Generate Parentheses,Medium,https://leetcode.com/problems/generate-parentheses/,"Amazon, Meta, Microsoft",Backtracking / Stack,,,,N,
Todo,Stack,5,Daily Temperatures,Medium,https://leetcode.com/problems/daily-temperatures/,"Meta, Amazon",Monotonic Stack,,,,N,
Todo,Stack,6,Car Fleet,Medium,https://leetcode.com/problems/car-fleet/,—,Stack,,,,N,
Todo,Stack,7,Largest Rectangle in Histogram,Hard,https://leetcode.com/problems/largest-rectangle-in-histogram/,"Amazon, Google, Microsoft",Monotonic Stack,,,,N,
Todo,Stack,8,Next Greater Element I,Easy,https://leetcode.com/problems/next-greater-element-i/,Amazon,Monotonic Stack,,,,N,
Todo,Stack,9,Next Greater Element II,Medium,https://leetcode.com/problems/next-greater-element-ii/,Amazon,Monotonic Stack,,,,N,
Todo,Stack,10,Asteroid Collision,Medium,https://leetcode.com/problems/asteroid-collision/,"Amazon, Meta",Stack,,,,N,
Todo,Stack,11,Remove K Digits,Medium,https://leetcode.com/problems/remove-k-digits/,"Amazon, Google",Monotonic Stack,,,,N,
Todo,Stack,12,Sum of Subarray Minimums,Medium,https://leetcode.com/problems/sum-of-subarray-minimums/,—,Monotonic Stack,,,,N,
Todo,Stack,13,Decode String,Medium,https://leetcode.com/problems/decode-string/,"Google, Bloomberg, Amazon",Stack,,,,N,
Todo,Stack,14,Basic Calculator II,Medium,https://leetcode.com/problems/basic-calculator-ii/,"Meta, Amazon, Uber",Stack,,,,N,
Todo,Linked List,1,Reverse Linked List,Easy,https://leetcode.com/problems/reverse-linked-list/,"Amazon, Microsoft, Apple, Bloomberg",Linked List,,,,N,
Todo,Linked List,2,Merge Two Sorted Lists,Easy,https://leetcode.com/problems/merge-two-sorted-lists/,"Amazon, Microsoft, Adobe",Linked List,,,,N,
Todo,Linked List,3,Linked List Cycle,Easy,https://leetcode.com/problems/linked-list-cycle/,"Amazon, Microsoft",Fast/Slow Pointers,,,,N,
Todo,Linked List,4,Reorder List,Medium,https://leetcode.com/problems/reorder-list/,"Amazon, Meta",Linked List,,,,N,
Todo,Linked List,5,Remove Nth Node From End of List,Medium,https://leetcode.com/problems/remove-nth-node-from-end-of-list/,"Amazon, Bloomberg",Two Pointers,,,,N,
Todo,Linked List,6,Copy List with Random Pointer,Medium,https://leetcode.com/problems/copy-list-with-random-pointer/,"Amazon, Meta, Microsoft",Hash Map,,,,N,
Todo,Linked List,7,Add Two Numbers,Medium,https://leetcode.com/problems/add-two-numbers/,"Amazon, Microsoft, Bloomberg",Linked List,,,,N,
Todo,Linked List,8,Find the Duplicate Number,Medium,https://leetcode.com/problems/find-the-duplicate-number/,"Amazon, Microsoft",Floyd Cycle,,,,N,
Todo,Linked List,9,LRU Cache,Medium,https://leetcode.com/problems/lru-cache/,"Amazon, Google, Meta, Microsoft, Uber",Design / DLL + Hash,,,,N,
Todo,Linked List,10,Merge k Sorted Lists,Hard,https://leetcode.com/problems/merge-k-sorted-lists/,"Amazon, Meta, Microsoft",Heap,,,,N,
Todo,Linked List,11,Reverse Nodes in k-Group,Hard,https://leetcode.com/problems/reverse-nodes-in-k-group/,"Microsoft, Amazon",Linked List,,,,N,
Todo,Linked List,12,Intersection of Two Linked Lists,Easy,https://leetcode.com/problems/intersection-of-two-linked-lists/,"Amazon, Microsoft",Two Pointers,,,,N,
Todo,Linked List,13,Palindrome Linked List,Easy,https://leetcode.com/problems/palindrome-linked-list/,"Amazon, Microsoft",Linked List,,,,N,
Todo,Linked List,14,Swap Nodes in Pairs,Medium,https://leetcode.com/problems/swap-nodes-in-pairs/,"Amazon, Bloomberg",Linked List,,,,N,
Todo,Linked List,15,Sort List,Medium,https://leetcode.com/problems/sort-list/,"Meta, Amazon",Merge Sort,,,,N,
Todo,Trees,1,Invert Binary Tree,Easy,https://leetcode.com/problems/invert-binary-tree/,"Google, Amazon",DFS/BFS,,,,N,
Todo,Trees,2,Maximum Depth of Binary Tree,Easy,https://leetcode.com/problems/maximum-depth-of-binary-tree/,—,DFS,,,,N,
Todo,Trees,3,Diameter of Binary Tree,Easy,https://leetcode.com/problems/diameter-of-binary-tree/,"Meta, Amazon, Google",DFS,,,,N,
Todo,Trees,4,Balanced Binary Tree,Easy,https://leetcode.com/problems/balanced-binary-tree/,—,DFS,,,,N,
Todo,Trees,5,Same Tree,Easy,https://leetcode.com/problems/same-tree/,—,DFS,,,,N,
Todo,Trees,6,Subtree of Another Tree,Easy,https://leetcode.com/problems/subtree-of-another-tree/,Amazon,DFS,,,,N,
Todo,Trees,7,Lowest Common Ancestor of a Binary Search Tree,Medium,https://leetcode.com/problems/lowest-common-ancestor-of-a-binary-search-tree/,"Meta, Amazon",BST,,,,N,
Todo,Trees,8,Lowest Common Ancestor of a Binary Tree,Medium,https://leetcode.com/problems/lowest-common-ancestor-of-a-binary-tree/,"Meta, Amazon, LinkedIn",DFS,,,,N,
Todo,Trees,9,Binary Tree Level Order Traversal,Medium,https://leetcode.com/problems/binary-tree-level-order-traversal/,"Amazon, Bloomberg, Microsoft",BFS,,,,N,
Todo,Trees,10,Binary Tree Right Side View,Medium,https://leetcode.com/problems/binary-tree-right-side-view/,"Amazon, Meta",BFS,,,,N,
Todo,Trees,11,Count Good Nodes in Binary Tree,Medium,https://leetcode.com/problems/count-good-nodes-in-binary-tree/,Microsoft,DFS,,,,N,
Todo,Trees,12,Validate Binary Search Tree,Medium,https://leetcode.com/problems/validate-binary-search-tree/,"Amazon, Bloomberg, Microsoft",BST,,,,N,
Todo,Trees,13,Kth Smallest Element in a BST,Medium,https://leetcode.com/problems/kth-smallest-element-in-a-bst/,"Amazon, Uber, Bloomberg",BST Inorder,,,,N,
Todo,Trees,14,Construct Binary Tree from Preorder and Inorder Traversal,Medium,https://leetcode.com/problems/construct-binary-tree-from-preorder-and-inorder-traversal/,"Amazon, Microsoft, Bloomberg",DFS,,,,N,
Todo,Trees,15,Binary Tree Maximum Path Sum,Hard,https://leetcode.com/problems/binary-tree-maximum-path-sum/,"Amazon, Meta, Microsoft",DFS,,,,N,
Todo,Trees,16,Serialize and Deserialize Binary Tree,Hard,https://leetcode.com/problems/serialize-and-deserialize-binary-tree/,"Amazon, Meta, Google, LinkedIn",BFS/DFS,,,,N,
Todo,Trees,17,Path Sum II,Medium,https://leetcode.com/problems/path-sum-ii/,—,DFS,,,,N,
Todo,Trees,18,Flatten Binary Tree to Linked List,Medium,https://leetcode.com/problems/flatten-binary-tree-to-linked-list/,"Microsoft, Amazon",DFS,,,,N,
Todo,Trees,19,Populating Next Right Pointers in Each Node,Medium,https://leetcode.com/problems/populating-next-right-pointers-in-each-node/,"Microsoft, Amazon",BFS,,,,N,
Todo,Trees,20,Vertical Order Traversal of a Binary Tree,Hard,https://leetcode.com/problems/vertical-order-traversal-of-a-binary-tree/,"Meta, Amazon, Bloomberg",BFS + Sort,,,,N,
Todo,Trees,21,Binary Tree Zigzag Level Order Traversal,Medium,https://leetcode.com/problems/binary-tree-zigzag-level-order-traversal/,"Amazon, Microsoft",BFS,,,,N,
Todo,Trees,22,Delete Node in a BST,Medium,https://leetcode.com/problems/delete-node-in-a-bst/,—,BST,,,,N,
Todo,Heap,1,Kth Largest Element in an Array,Medium,https://leetcode.com/problems/kth-largest-element-in-an-array/,"Meta, Amazon, Microsoft, Adobe",Heap,,,,N,
Todo,Heap,2,Last Stone Weight,Easy,https://leetcode.com/problems/last-stone-weight/,—,Heap,,,,N,
Todo,Heap,3,K Closest Points to Origin,Medium,https://leetcode.com/problems/k-closest-points-to-origin/,"Amazon, Meta, Google",Heap,,,,N,
Todo,Heap,4,Kth Largest Element in a Stream,Easy,https://leetcode.com/problems/kth-largest-element-in-a-stream/,Amazon,Heap,,,,N,
Todo,Heap,5,Task Scheduler,Medium,https://leetcode.com/problems/task-scheduler/,"Amazon, Uber, Meta",Heap / Greedy,,,,N,
Todo,Heap,6,Design Twitter,Medium,https://leetcode.com/problems/design-twitter/,Amazon,Heap / Design,,,,N,
Todo,Heap,7,Find Median from Data Stream,Hard,https://leetcode.com/problems/find-median-from-data-stream/,"Amazon, Google, Microsoft",Two Heaps,,,,N,
Todo,Heap,8,Top K Frequent Words,Medium,https://leetcode.com/problems/top-k-frequent-words/,"Amazon, Bloomberg",Heap,,,,N,
Todo,Heap,9,Reorganize String,Medium,https://leetcode.com/problems/reorganize-string/,"Amazon, Google",Heap,,,,N,
Todo,Heap,10,Ugly Number II,Medium,https://leetcode.com/problems/ugly-number-ii/,—,Heap,,,,N,
Todo,Heap,11,Meeting Rooms II,Medium,https://leetcode.com/problems/meeting-rooms-ii/,"Amazon, Meta, Google, Bloomberg",Heap / Intervals,,,,N,
Todo,Graphs,1,Number of Islands,Medium,https://leetcode.com/problems/number-of-islands/,"Amazon, Meta, Google, Microsoft",DFS/BFS,,,,N,
Todo,Graphs,2,Clone Graph,Medium,https://leetcode.com/problems/clone-graph/,"Meta, Amazon, Google",DFS/BFS,,,,N,
Todo,Graphs,3,Max Area of Island,Medium,https://leetcode.com/problems/max-area-of-island/,—,DFS,,,,N,
Todo,Graphs,4,Pacific Atlantic Water Flow,Medium,https://leetcode.com/problems/pacific-atlantic-water-flow/,Google,DFS/BFS,,,,N,
Todo,Graphs,5,Surrounded Regions,Medium,https://leetcode.com/problems/surrounded-regions/,—,DFS,,,,N,
Todo,Graphs,6,Rotting Oranges,Medium,https://leetcode.com/problems/rotting-oranges/,"Amazon, Microsoft",Multi-source BFS,,,,N,
Todo,Graphs,7,Walls and Gates,Medium,https://leetcode.com/problems/walls-and-gates/,"Google, Amazon",Multi-source BFS,,,,N,
Todo,Graphs,8,Course Schedule,Medium,https://leetcode.com/problems/course-schedule/,"Amazon, Google, Meta, TikTok",Topo Sort,,,,N,
Todo,Graphs,9,Course Schedule II,Medium,https://leetcode.com/problems/course-schedule-ii/,"Amazon, Google, Microsoft",Topo Sort,,,,N,
Todo,Graphs,10,Redundant Connection,Medium,https://leetcode.com/problems/redundant-connection/,—,Union Find,,,,N,
Todo,Graphs,11,Graph Valid Tree,Medium,https://leetcode.com/problems/graph-valid-tree/,"Google, LinkedIn",Union Find / DFS,,,,N,
Todo,Graphs,12,Number of Connected Components in an Undirected Graph,Medium,https://leetcode.com/problems/number-of-connected-components-in-an-undirected-graph/,"Amazon, LinkedIn",Union Find,,,,N,
Todo,Graphs,13,Word Ladder,Hard,https://leetcode.com/problems/word-ladder/,"Amazon, Meta, LinkedIn",BFS,,,,N,
Todo,Graphs,14,Word Ladder II,Hard,https://leetcode.com/problems/word-ladder-ii/,Amazon,BFS,,,,N,
Todo,Graphs,15,Network Delay Time,Medium,https://leetcode.com/problems/network-delay-time/,"Amazon, Google",Dijkstra,,,,N,
Todo,Graphs,16,Cheapest Flights Within K Stops,Medium,https://leetcode.com/problems/cheapest-flights-within-k-stops/,"Amazon, Bloomberg",BFS / Bellman-Ford,,,,N,
Todo,Graphs,17,Swim in Rising Water,Hard,https://leetcode.com/problems/swim-in-rising-water/,—,Dijkstra / Binary Search,,,,N,
Todo,Graphs,18,Alien Dictionary,Hard,https://leetcode.com/problems/alien-dictionary/,"Amazon, Google, Meta, Airbnb",Topo Sort,,,,N,
Todo,Graphs,19,Critical Connections in a Network,Hard,https://leetcode.com/problems/critical-connections-in-a-network/,Amazon,Tarjan / Bridges,,,,N,
Todo,Graphs,20,Accounts Merge,Medium,https://leetcode.com/problems/accounts-merge/,"Meta, Google",Union Find,,,,N,
Todo,Graphs,21,Is Graph Bipartite?,Medium,https://leetcode.com/problems/is-graph-bipartite/,"Meta, Amazon",BFS/DFS,,,,N,
Todo,Graphs,22,Shortest Path in Binary Matrix,Medium,https://leetcode.com/problems/shortest-path-in-binary-matrix/,Amazon,BFS,,,,N,
Todo,Graphs,23,01 Matrix,Medium,https://leetcode.com/problems/01-matrix/,—,Multi-source BFS,,,,N,
Todo,Graphs,24,Evaluate Division,Medium,https://leetcode.com/problems/evaluate-division/,"Google, Amazon",DFS / Graph,,,,N,
Todo,Backtracking,1,Subsets,Medium,https://leetcode.com/problems/subsets/,"Meta, Amazon, Bloomberg",Backtracking,,,,N,
Todo,Backtracking,2,Combination Sum,Medium,https://leetcode.com/problems/combination-sum/,"Airbnb, Amazon",Backtracking,,,,N,
Todo,Backtracking,3,Permutations,Medium,https://leetcode.com/problems/permutations/,"Microsoft, Amazon, Meta",Backtracking,,,,N,
Todo,Backtracking,4,Subsets II,Medium,https://leetcode.com/problems/subsets-ii/,—,Backtracking,,,,N,
Todo,Backtracking,5,Combination Sum II,Medium,https://leetcode.com/problems/combination-sum-ii/,—,Backtracking,,,,N,
Todo,Backtracking,6,Word Search,Medium,https://leetcode.com/problems/word-search/,"Amazon, Microsoft, Bloomberg",Backtracking,,,,N,
Todo,Backtracking,7,Palindrome Partitioning,Medium,https://leetcode.com/problems/palindrome-partitioning/,Amazon,Backtracking,,,,N,
Todo,Backtracking,8,Letter Combinations of a Phone Number,Medium,https://leetcode.com/problems/letter-combinations-of-a-phone-number/,"Amazon, Meta, Microsoft",Backtracking,,,,N,
Todo,Backtracking,9,N-Queens,Hard,https://leetcode.com/problems/n-queens/,"Amazon, Microsoft",Backtracking,,,,N,
Todo,Backtracking,10,Word Search II,Hard,https://leetcode.com/problems/word-search-ii/,"Amazon, Uber, Airbnb",Trie + Backtracking,,,,N,
Todo,Backtracking,11,Restore IP Addresses,Medium,https://leetcode.com/problems/restore-ip-addresses/,—,Backtracking,,,,N,
Todo,DP,1,Climbing Stairs,Easy,https://leetcode.com/problems/climbing-stairs/,"Amazon, Adobe",1D DP,,,,N,
Todo,DP,2,Min Cost Climbing Stairs,Easy,https://leetcode.com/problems/min-cost-climbing-stairs/,—,1D DP,,,,N,
Todo,DP,3,House Robber,Medium,https://leetcode.com/problems/house-robber/,"Amazon, Google, Airbnb",1D DP,,,,N,
Todo,DP,4,House Robber II,Medium,https://leetcode.com/problems/house-robber-ii/,"Amazon, Google",1D DP,,,,N,
Todo,DP,5,Longest Palindromic Substring,Medium,https://leetcode.com/problems/longest-palindromic-substring/,"Amazon, Microsoft, Bloomberg",DP / Expand,,,,N,
Todo,DP,6,Palindromic Substrings,Medium,https://leetcode.com/problems/palindromic-substrings/,"Meta, Amazon",DP / Expand,,,,N,
Todo,DP,7,Decode Ways,Medium,https://leetcode.com/problems/decode-ways/,"Amazon, Meta, Lyft",1D DP,,,,N,
Todo,DP,8,Coin Change,Medium,https://leetcode.com/problems/coin-change/,"Amazon, Google, Microsoft, Uber",Unbounded Knapsack,,,,N,
Todo,DP,9,Maximum Product Subarray,Medium,https://leetcode.com/problems/maximum-product-subarray/,"Amazon, LinkedIn",1D DP,,,,N,
Todo,DP,10,Word Break,Medium,https://leetcode.com/problems/word-break/,"Amazon, Meta, Google, Uber",1D DP,,,,N,
Todo,DP,11,Longest Increasing Subsequence,Medium,https://leetcode.com/problems/longest-increasing-subsequence/,"Amazon, Google, Microsoft",DP / Binary Search,,,,N,
Todo,DP,12,Partition Equal Subset Sum,Medium,https://leetcode.com/problems/partition-equal-subset-sum/,"Amazon, Meta",0/1 Knapsack,,,,N,
Todo,DP,13,Unique Paths,Medium,https://leetcode.com/problems/unique-paths/,"Amazon, Bloomberg",2D DP,,,,N,
Todo,DP,14,Unique Paths II,Medium,https://leetcode.com/problems/unique-paths-ii/,—,2D DP,,,,N,
Todo,DP,15,Jump Game,Medium,https://leetcode.com/problems/jump-game/,"Amazon, Microsoft, Google",Greedy / DP,,,,N,
Todo,DP,16,Jump Game II,Medium,https://leetcode.com/problems/jump-game-ii/,Amazon,Greedy,,,,N,
Todo,DP,17,Longest Common Subsequence,Medium,https://leetcode.com/problems/longest-common-subsequence/,"Amazon, Microsoft",2D DP,,,,N,
Todo,DP,18,Edit Distance,Medium,https://leetcode.com/problems/edit-distance/,"Google, Amazon, Microsoft",2D DP,,,,N,
Todo,DP,19,Distinct Subsequences,Hard,https://leetcode.com/problems/distinct-subsequences/,—,2D DP,,,,N,
Todo,DP,20,Maximal Square,Medium,https://leetcode.com/problems/maximal-square/,"Google, Amazon",2D DP,,,,N,
Todo,DP,21,Maximal Rectangle,Hard,https://leetcode.com/problems/maximal-rectangle/,Google,DP + Stack,,,,N,
Todo,DP,22,Best Time to Buy and Sell Stock II,Medium,https://leetcode.com/problems/best-time-to-buy-and-sell-stock-ii/,—,Greedy / DP,,,,N,
Todo,DP,23,Best Time to Buy and Sell Stock with Cooldown,Medium,https://leetcode.com/problems/best-time-to-buy-and-sell-stock-with-cooldown/,—,State DP,,,,N,
Todo,DP,24,Target Sum,Medium,https://leetcode.com/problems/target-sum/,"Meta, Amazon",0/1 Knapsack,,,,N,
Todo,DP,25,Ones and Zeroes,Medium,https://leetcode.com/problems/ones-and-zeroes/,—,2D Knapsack,,,,N,
Todo,DP,26,Interleaving String,Medium,https://leetcode.com/problems/interleaving-string/,"Amazon, Google",2D DP,,,,N,
Todo,DP,27,Regular Expression Matching,Hard,https://leetcode.com/problems/regular-expression-matching/,"Meta, Google, Adobe",2D DP,,,,N,
Todo,DP,28,Wildcard Matching,Hard,https://leetcode.com/problems/wildcard-matching/,"Google, Microsoft",2D DP,,,,N,
Todo,DP,29,Russian Doll Envelopes,Hard,https://leetcode.com/problems/russian-doll-envelopes/,Google,LIS,,,,N,
Todo,DP,30,Burst Balloons,Hard,https://leetcode.com/problems/burst-balloons/,"Google, Amazon",Interval DP,,,,N,
Todo,DP,31,Longest Valid Parentheses,Hard,https://leetcode.com/problems/longest-valid-parentheses/,Amazon,DP / Stack,,,,N,
Todo,DP,32,Maximum Subarray,Medium,https://leetcode.com/problems/maximum-subarray/,"Amazon, Microsoft, LinkedIn, Apple",Kadane,,,,N,
Todo,Greedy,1,Gas Station,Medium,https://leetcode.com/problems/gas-station/,"Amazon, Google",Greedy,,,,N,
Todo,Greedy,2,Hand of Straights,Medium,https://leetcode.com/problems/hand-of-straights/,Google,Greedy,,,,N,
Todo,Greedy,3,Merge Triplets to Form Target Triplet,Medium,https://leetcode.com/problems/merge-triplets-to-form-target-triplet/,—,Greedy,,,,N,
Todo,Greedy,4,Valid Parenthesis String,Medium,https://leetcode.com/problems/valid-parenthesis-string/,"Meta, Amazon",Greedy,,,,N,
Todo,Greedy,5,Candy,Hard,https://leetcode.com/problems/candy/,Amazon,Greedy,,,,N,
Todo,Greedy,6,Remove Duplicate Letters,Medium,https://leetcode.com/problems/remove-duplicate-letters/,—,Greedy / Stack,,,,N,
Todo,Tries & Design,1,Implement Trie (Prefix Tree),Medium,https://leetcode.com/problems/implement-trie-prefix-tree/,"Amazon, Google, Meta",Trie,,,,N,
Todo,Tries & Design,2,Design Add and Search Words Data Structure,Medium,https://leetcode.com/problems/design-add-and-search-words-data-structure/,"Meta, Google",Trie,,,,N,
Todo,Tries & Design,3,Insert Delete GetRandom O(1),Medium,https://leetcode.com/problems/insert-delete-getrandom-o1/,"Amazon, Meta, Uber, Google",Hash + Array,,,,N,
Todo,Tries & Design,4,LFU Cache,Hard,https://leetcode.com/problems/lfu-cache/,"Amazon, Google",Design,,,,N,
Todo,Tries & Design,5,Design Browser History,Medium,https://leetcode.com/problems/design-browser-history/,—,Design,,,,N,
Todo,Tries & Design,6,Design Hit Counter,Medium,https://leetcode.com/problems/design-hit-counter/,"Dropbox, Google, Amazon",Design / Queue,,,,N,
Todo,Tries & Design,7,Logger Rate Limiter,Easy,https://leetcode.com/problems/logger-rate-limiter/,"Google, Amazon",Hash Map,,,,N,
Todo,Tries & Design,8,Snapshot Array,Medium,https://leetcode.com/problems/snapshot-array/,Google,Binary Search,,,,N,
Todo,Tries & Design,9,Flatten Nested List Iterator,Medium,https://leetcode.com/problems/flatten-nested-list-iterator/,"Amazon, Google",Stack / Design,,,,N,
Todo,Bit & Math,1,Single Number,Easy,https://leetcode.com/problems/single-number/,Amazon,XOR,,,,N,
Todo,Bit & Math,2,Number of 1 Bits,Easy,https://leetcode.com/problems/number-of-1-bits/,—,Bit Manipulation,,,,N,
Todo,Bit & Math,3,Counting Bits,Easy,https://leetcode.com/problems/counting-bits/,—,Bit Manipulation,,,,N,
Todo,Bit & Math,4,Reverse Bits,Easy,https://leetcode.com/problems/reverse-bits/,—,Bit Manipulation,,,,N,
Todo,Bit & Math,5,Missing Number,Easy,https://leetcode.com/problems/missing-number/,Amazon,XOR / Math,,,,N,
Todo,Bit & Math,6,Sum of Two Integers,Medium,https://leetcode.com/problems/sum-of-two-integers/,—,Bit Manipulation,,,,N,
Todo,Bit & Math,7,"Pow(x, n)",Medium,https://leetcode.com/problems/powx-n/,"Meta, Google, Bloomberg",Binary Exponentiation,,,,N,
Todo,Bit & Math,8,Sqrt(x),Easy,https://leetcode.com/problems/sqrtx/,—,Binary Search,,,,N,
Todo,Bit & Math,9,Excel Sheet Column Number,Easy,https://leetcode.com/problems/excel-sheet-column-number/,Microsoft,Math,,,,N,
Todo,Bit & Math,10,Roman to Integer,Easy,https://leetcode.com/problems/roman-to-integer/,"Amazon, Adobe",Math,,,,N,
